"","player","PTS","TRB","AST","STL","BLK","missed_fg","missed_ft","TOV","G","EFF","salary"
"1","Al Horford",261,111,50,11,27,108,2,25,16,-15.5016049476501,1.2e+07
"2","Al Jefferson",207,90,28,11,17,90,13,12,14,-13.763337119591,13833333
"3","Alex Len",77,63,4,6,8,32,10,18,14,-7.72132152798378,3807120
"4","Alexis Ajinca",65,51,4,4,7,27,0,9,13,-5.60496087079004,4300000
"5","Amar'e Stoudemire",12,4,1,0,0,2,0,1,2,-3.59440043053171,1499187
"6","Anderson Varejao",34,35,5,2,2,15,3,6,12,-3.92040156910766,9638554
"7","Andre Drummond",254,247,12,24,19,92,51,35,14,-24.1477891970505,3272091
"8","Andrea Bargnani",82,26,2,1,3,49,1,10,14,-5.67992306624776,1362900
"9","Andrew Bogut",71,69,24,6,17,16,5,13,10,-9.80305551177615,1.2e+07
"10","Aron Baynes",59,53,6,4,4,24,4,10,14,-5.34465038569163,6500000
"11","Bismack Biyombo",67,95,3,2,13,30,8,11,15,-7.03511568609462,3e+06
"12","Boban Marjanovic",15,8,1,0,1,5,3,4,7,-2.77774077980022,1200000
"13","Brook Lopez",276,117,20,4,29,116,13,28,14,-18.5807438421838,2e+07
"14","Cameron Bairstow",2,3,0,0,0,3,0,0,2,-1.84897646748266,845059
"15","Channing Frye",59,31,4,1,2,22,1,4,9,-5.45656822333029,7807579
"16","Chris Andersen",3,4,0,0,0,0,1,2,2,-3.12394654818891,5e+06
"17","Chris Kaman",10,8,4,0,0,10,0,3,3,-6.12549362702457,5e+06
"18","Clint Capela",105,93,7,9,19,17,16,10,14,-8.27266466332024,1242720
"19","Cody Zeller",82,64,9,10,7,35,15,9,12,-8.73743118777024,4204200
"20","Cole Aldrich",4,4,0,0,0,1,0,1,4,-1.16297608264788,1100600
"21","Cristiano Felicio",0,0,1,0,0,0,0,0,1,-0.375364830593175,525090
"22","DeAndre Jordan",153,180,17,6,41,23,62,18,14,-16.5811987559746,19500000
"23","DeJuan Blair",5,12,3,2,0,10,1,6,5,-5.05188710301863,2e+06
"24","Dewayne Dedmon",62,61,2,8,18,24,7,9,13,-6.71829089606192,947278
"25","Dwight Howard",124,122,17,5,18,30,20,28,9,-19.3167698646946,22359364
"26","Enes Kanter",189,127,13,1,6,56,10,21,15,-11.760599622021,16400000
"27","Festus Ezeli",129,95,19,6,25,39,25,15,16,-9.92340359830848,2008748
"28","Frank Kaminsky",60,28,13,5,6,28,1,4,13,-4.57860163616428,2612500
"29","Gorgui Dieng",95,70,5,16,12,38,4,20,14,-8.79610084390574,1474440
"30","Greg Monroe",230,142,39,18,12,89,15,27,14,-17.6857898541275,16400000
"31","Hassan Whiteside",189,144,4,10,63,51,27,28,13,-18.2007577610112,981348
"32","Ian Mahinmi",87,85,16,14,19,39,19,11,13,-10.3524222646165,4e+06
"33","J.J. Hickson",103,60,13,6,9,36,19,10,13,-8.74581681471466,5613500
"34","Jahlil Okafor",276,120,19,4,25,129,21,46,15,-20.2483410280893,4582680
"35","Jason Smith",45,28,4,2,8,25,1,6,9,-6.02158474225485,4300000
"36","Jason Thompson",15,14,5,2,2,8,1,3,7,-3.3622320814378,6431250
"37","JaVale McGee",8,6,0,0,0,1,2,2,1,-9.57437326240418,1270964
"38","JaVale McGee",8,6,0,0,0,1,2,2,1,-9.57437326240418,1.2e+07
"39","Jeff Withey",14,13,0,2,5,4,2,2,6,-3.18968732118389,947276
"40","Joakim Noah",35,98,39,8,9,29,10,23,12,-11.2585825269749,13400000
"41","Joel Anthony",2,3,1,1,0,0,0,1,1,-3.99321592167341,2500000
"42","Joffrey Lauvergne",32,19,6,1,1,6,0,2,3,-8.06738059524613,1709720
"43","John Henson",60,31,8,3,11,21,7,11,10,-7.21592350618303,2943221
"44","Jonas Valanciunas",178,130,6,4,10,55,12,22,14,-12.7924726156544,4660482
"45","Karl-Anthony Towns",214,137,14,10,33,81,4,30,14,-16.4294874035984,5703600
"46","Kelly Olynyk",94,52,18,16,9,55,3,19,13,-9.87549411276271,2165160
"47","Kendrick Perkins",16,8,2,0,0,2,0,0,3,-2.78058595932765,1499200
"48","Kevin Seraphin",36,19,9,3,6,25,0,8,11,-4.76583630890566,2800000
"49","Lucas Nogueira",3,0,0,1,1,0,0,0,2,-0.756315101791427,1842000
"50","Marc Gasol",235,103,65,9,11,99,10,34,15,-16.7661993417167,19700000
"51","Marcin Gortat",122,87,20,6,11,49,10,23,11,-13.959934786009,11217391
"52","Mason Plumlee",166,138,40,18,19,49,31,29,16,-14.2329315668039,1415520
"53","Matt Bonner",1,1,0,0,0,0,1,0,3,-0.495310286252006,1499190
"54","Miles Plumlee",24,19,3,1,6,10,0,8,12,-3.04678555278134,2109294
"55","Myles Turner",49,23,1,3,7,17,3,6,8,-5.98033580481493,2357760
"56","Nikola Jokic",110,72,12,13,6,38,8,12,14,-8.2679255411193,1300000
"57","Nikola Vucevic",163,90,24,8,15,73,4,16,11,-15.1938450812498,11250000
"58","Omer Asik",11,33,0,2,3,5,5,8,7,-5.51662578359783,1.1e+07
"59","Pau Gasol",178,130,27,10,25,94,8,17,13,-16.4134722023313,7448760
"60","Robert Sacre",2,2,0,0,0,2,0,1,1,-4.17274983936475,981348
"61","Robin Lopez",123,93,28,5,17,61,3,32,15,-11.8889758217581,1.3e+07
"62","Roy Hibbert",120,95,23,5,32,39,7,23,14,-11.3167820635168,15500000
"63","Rudy Gobert",97,116,19,9,30,31,15,28,11,-15.5914690194636,1175880
"64","Salah Mejri",0,5,0,1,2,1,0,1,4,-1.45505207066288,525093
"65","Sasha Kaun",0,2,1,1,1,0,0,1,4,-0.9359364898284,1300000
"66","Steven Adams",92,78,14,5,26,26,13,14,15,-8.1218268501149,2279040
"67","Tarik Black",30,35,1,1,2,11,6,5,8,-5.33264383213444,845059
"68","Tiago Splitter",78,51,10,7,4,34,3,12,14,-6.40016378456539,8500000
"69","Tibor Pleiss",4,1,0,0,1,2,0,1,4,-1.16318946793581,3e+06
"70","Tim Duncan",148,114,40,13,24,50,10,28,14,-13.9550517179905,5e+06
"71","Timofey Mozgov",95,55,6,3,13,31,8,14,12,-8.44344075772979,4950000
"72","Tyler Zeller",50,17,6,1,1,16,3,5,10,-4.11363605864417,2616975
"73","Tyson Chandler",75,130,6,12,10,30,11,18,14,-9.93154881657488,1.3e+07
"74","Walter Tavares",1,2,1,0,0,0,1,1,3,-1.28521983613686,1e+06
"75","Willie Cauley-Stein",71,81,5,11,15,18,10,12,15,-6.75042924222011,3398280
"76","Zaza Pachulia",163,150,35,13,9,54,19,29,15,-14.3687051585848,5200000
"77","Aaron Gordon",119,71,19,9,17,51,13,15,14,-10.4337433418725,4171680
"78","Adreian Payne",38,26,5,3,2,16,1,12,9,-6.24715565150163,1938840
"79","Amir Johnson",104,73,21,11,15,34,9,20,14,-9.84521904185887,1.2e+07
"80","Andrew Nicholson",30,18,1,1,1,17,0,3,5,-6.55625514621554,2380594
"81","Anthony Bennett",9,12,0,3,0,8,1,4,7,-3.1466523858339,3650000
"82","Anthony Bennett",9,12,0,3,0,8,1,4,7,-3.1466523858339,947276
"83","Anthony Davis",256,113,22,12,28,104,21,26,11,-23.7886901054057,7070730
"84","Anthony Tolliver",50,36,9,6,3,41,4,3,13,-5.57111878705251,3e+06
"85","Blake Griffin",341,119,63,12,7,122,21,30,14,-22.1328887519898,18907725
"86","Bobby Portis",12,2,1,1,1,4,0,2,2,-5.46732180215984,1391160
"87","Boris Diaw",72,40,43,6,5,34,3,15,14,-7.75489941193481,7e+06
"88","Brandan Wright",46,24,4,1,10,12,8,4,7,-6.66128180317884,5500000
"89","Brandon Bass",69,59,11,4,7,26,3,13,13,-7.06543710057873,3e+06
"90","Charlie Villanueva",86,40,7,1,5,51,1,6,13,-6.83670240254578,1499187
"91","Chris Bosh",233,122,21,11,15,99,14,13,13,-17.2117145499702,22192730
"92","Chris Copeland",37,6,6,2,0,23,1,3,11,-3.33603218064509,1100000
"93","Christian Wood",43,28,3,4,5,22,3,2,11,-4.33262349064793,525093
"94","Cliff Alexander",8,6,0,0,2,5,0,0,4,-2.17596938054355,525093
"95","Cory Jefferson",2,2,0,0,0,2,2,0,1,-4.153303873858,845059
"96","Darrell Arthur",77,55,14,6,10,53,3,8,14,-7.69462640673979,2814000
"97","David Lee",97,57,22,6,4,37,5,19,14,-8.64454243913478,15493680
"98","David West",76,50,28,5,5,28,4,20,14,-7.92206150742733,1499000
"99","DeMarcus Cousins",279,112,25,8,15,110,25,33,10,-27.8791020193714,14728844
"100","Derrick Favors",205,116,20,25,19,75,19,22,13,-17.2864495530094,11933333
"101","Derrick Williams",103,35,11,9,4,52,14,10,15,-7.46129317483093,4900000
"102","Dirk Nowitzki",248,93,21,8,8,86,4,14,14,-13.8847171929167,8333334
"103","Draymond Green",203,125,106,19,21,79,7,42,16,-18.3535638890549,14300000
"104","Drew Gooden",16,27,3,3,4,19,0,3,6,-6.46554192252104,3300000
"105","Dwight Powell",148,108,20,10,12,51,16,13,15,-10.9524694842705,845059
"106","Ed Davis",108,117,19,11,13,25,19,18,16,-9.48480468982098,7e+06
"107","Eric Moreland",2,3,0,0,1,1,2,0,3,-1.4030324540868,845059
"108","Ersan Ilyasova",132,50,18,7,6,62,6,17,14,-10.0505393079296,7900000
"109","Glenn Robinson III",60,18,4,6,2,20,5,5,10,-5.16824479675811,845000
"110","Jabari Parker",72,25,7,4,3,30,2,6,8,-8.12389616820052,5152440
"111","James Johnson",40,27,11,5,6,12,6,15,11,-6.17073047441251,2500000
"112","James Michael McAdoo",26,14,5,3,0,7,11,5,12,-3.00139480978108,845059
"113","JaMychal Green",105,75,7,8,7,43,5,19,15,-8.68590798068205,845059
"114","Jared Dudley",57,37,10,6,3,21,2,8,10,-6.610891632741,4250000
"115","Jared Sullinger",149,120,34,15,10,75,7,17,14,-14.0640531557032,2269260
"116","Johnny O'Bryant",56,50,12,3,4,31,5,5,14,-5.42403297172565,845059
"117","Jon Leuer",78,67,14,7,3,42,5,10,14,-7.62445347286422,1035000
"118","Jonas Jerebko",46,38,12,2,3,26,0,13,14,-5.32859460296334,5e+06
"119","Jordan Hill",119,108,18,13,4,64,9,18,13,-13.1028592313029,4e+06
"120","Jordan Mickey",5,3,1,0,1,1,0,0,2,-1.90066777645294,1200000
"121","Josh McRoberts",28,42,23,7,1,23,4,11,13,-5.89549089744779,5543725
"122","Josh Smith",69,59,20,6,19,45,8,22,14,-9.6992839305047,1499000
"123","Josh Smith",69,59,20,6,19,45,8,22,14,-9.6992839305047,5400000
"124","Julius Randle",156,120,31,9,8,79,17,26,14,-15.6108608556303,3132240
"125","Kenneth Faried",162,118,14,8,12,49,15,20,13,-13.6245267775852,11235955
"126","Kevin Garnett",36,64,16,11,2,18,4,4,12,-5.88600189287099,8500000
"127","Kevin Love",272,164,36,9,9,118,7,35,14,-21.3945387712339,19500000
"128","Kosta Koufos",122,96,5,11,15,48,8,11,15,-9.22101384163833,7500000
"129","Kris Humphries",82,50,7,1,6,40,0,9,11,-8.05919123039139,4600000
"130","Kristaps Porzingis",205,137,12,11,23,101,8,25,15,-16.1671479856351,4131720
"131","Kyle O'Quinn",61,55,14,5,14,31,3,14,13,-7.62772551097803,3750000
"132","LaMarcus Aldridge",183,119,22,2,11,93,7,19,12,-17.3834377439043,19500000
"133","Larry Nance Jr.",45,33,6,2,0,18,2,4,9,-5.33075239458103,1155600
"134","Lavoy Allen",57,71,20,5,7,41,6,13,13,-8.70095375123785,3700000
"135","Lou Amundson",19,15,3,2,3,7,5,2,7,-3.67219136815963,1650000
"136","Luc Mbah a Moute",13,12,1,3,1,7,0,1,11,-1.54093196936035,1270964
"137","Luis Scola",154,93,14,10,4,73,4,16,15,-11.140083811492,3e+06
"138","Markieff Morris",164,66,20,11,6,96,8,27,12,-16.7776044999206,8e+06
"139","Marreese Speights",61,47,6,3,6,46,5,15,13,-7.90262865942858,3815000
"140","Marvin Williams",140,99,20,10,17,61,3,13,14,-11.4269709376625,7e+06
"141","Meyers Leonard",76,40,15,2,5,38,1,8,9,-9.38164494403363,3075880
"142","Mike Muscala",34,13,6,3,5,11,2,4,10,-3.47212047116929,947276
"143","Mike Scott",66,25,15,2,1,28,1,8,14,-4.77396844206535,3333333
"144","Mirza Teletovic",83,39,16,6,4,48,1,7,14,-6.6725396572727,5500000
"145","Mitch McGary",9,9,2,0,1,3,3,5,6,-3.29358400224849,1463040
"146","Montrezl Harrell",52,24,2,3,5,9,9,8,13,-3.92050588150873,1e+06
"147","Nemanja Bjelica",87,72,26,6,5,39,8,11,12,-9.79973408857269,4e+06
"148","Nene Hilario",85,55,22,7,1,22,15,10,10,-9.69535202091751,1.3e+07
"149","Nerlens Noel",139,110,16,20,13,78,15,40,13,-18.0190462028296,3457800
"150","Nick Collison",38,42,14,7,6,16,0,14,12,-6.11803205665256,3750000
"151","Nikola Mirotic",156,85,19,12,3,81,8,29,13,-15.2610284598136,5543725
"152","Noah Vonleh",45,50,5,1,6,32,3,13,16,-5.24247231475989,2637720
"153","Patrick Patterson",83,55,14,10,3,53,0,17,15,-8.0883936554319,6268675
"154","Paul George",363,118,67,23,2,142,15,50,14,-26.043772759422,17120106
"155","Paul Millsap",293,149,58,33,18,107,20,42,16,-20.9461203391525,1.9e+07
"156","Quincy Acy",11,10,5,2,2,3,2,3,7,-2.73698982767449,981348
"157","Richaun Holmes",36,16,4,1,6,13,6,3,7,-5.35375236461948,1050000
"158","Ryan Anderson",270,98,15,7,6,110,6,24,14,-16.7027684040044,8500000
"159","Ryan Kelly",21,21,6,3,5,14,2,4,6,-6.35285433187919,1724250
"160","Serge Ibaka",194,112,17,5,37,102,8,23,15,-15.4958787172191,12250000
"161","Shayne Whittington",0,0,0,0,0,0,0,2,1,-3.45112928654624,845059
"162","Spencer Hawes",70,48,30,4,4,44,4,14,14,-7.93927948348627,5543725
"163","Steve Novak",3,1,0,0,0,0,0,0,1,-0.955304717978058,3750000
"164","Taj Gibson",87,69,17,5,14,35,11,14,13,-9.20850103580834,8500000
"165","Terrence Jones",116,50,11,5,10,50,15,10,9,-13.3519485590827,2489530
"166","Thaddeus Young",214,118,20,21,7,88,10,22,14,-16.0043931287316,11200000
"167","Thomas Robinson",51,63,3,5,8,19,8,14,14,-6.2420944251761,981300
"168","Tobias Harris",203,110,31,11,9,91,10,27,14,-16.4586185999937,1.6e+07
"169","Trevor Booker",41,63,10,10,6,46,0,10,12,-8.25908310201945,4775000
"170","Trey Lyles",19,24,3,1,1,19,2,5,11,-3.6947412251563,2239800
"171","Tristan Thompson",109,141,13,6,10,30,15,11,14,-10.3307657318641,14260870
"172","Tyler Hansbrough",11,4,1,1,0,5,0,1,4,-2.55906275816212,1185784
"173","Udonis Haslem",6,6,1,1,0,2,0,1,3,-2.61174122732785,2854940
"174","Zach Randolph",174,104,21,10,1,81,5,27,12,-16.9252293197681,9638555
"175","Aaron Brooks",85,24,23,3,2,43,1,8,10,8.91455724228896,2e+06
"176","Andre Miller",29,11,23,6,0,10,1,10,7,7.11156398048605,1499187
"177","Beno Udrih",4,4,1,0,0,2,0,2,2,3.81349393169664,2170465
"178","Beno Udrih",47,9,26,3,1,26,0,11,8,8.33308594998374,2170465
"179","Brian Roberts",14,4,5,0,0,11,1,1,7,2.67322560151157,2854940
"180","C.J. Watson",38,16,25,8,0,24,2,6,8,7.82995506427969,5e+06
"181","Cameron Payne",7,3,7,1,0,9,0,3,8,2.38377763369524,2021520
"182","Chris Paul",184,38,93,18,0,80,8,27,11,20.3491344172927,21468696
"183","Cory Joseph",143,42,47,11,3,48,7,15,15,9.65501180345193,7e+06
"184","D'Angelo Russell",143,62,40,14,4,84,4,23,14,13.7114888197329,5103120
"185","D.J. Augustin",94,23,37,10,1,41,7,22,15,8.44261772729213,3e+06
"186","Damian Lillard",402,73,115,19,5,196,12,57,16,27.3976290171933,4236287
"187","Darren Collison",127,14,42,10,0,68,6,19,10,14.818952671857,5013559
"188","Delon Wright",0,4,0,0,0,4,0,1,4,1.67055513219564,1509360
"189","Dennis Schroder",186,41,76,12,0,104,6,32,16,14.9601146057078,1763400
"190","Deron Williams",196,38,76,20,3,87,3,30,14,16.0433776434959,5500000
"191","Deron Williams",196,38,76,20,3,87,3,30,14,16.0433776434959,5500000
"192","Derrick Rose",153,34,66,6,3,104,6,28,11,19.8130253799144,20093063
"193","Devin Harris",102,37,33,19,6,59,15,14,14,10.7701648190075,4053000
"194","Donald Sloan",2,2,0,2,0,5,0,1,2,4.05695787073885,1015421
"195","Elfrid Payton",139,58,84,20,4,100,9,37,14,18.3521255905213,2505720
"196","Emmanuel Mudiay",187,56,94,17,13,140,15,63,15,23.4774338688633,3102240
"197","Eric Bledsoe",302,55,75,26,6,115,15,47,13,24.240902971829,13086957
"198","George Hill",154,41,42,17,3,66,9,22,11,15.9105961021709,8e+06
"199","Greivis Vasquez",100,34,64,7,0,68,3,27,14,12.2605186149401,6600000
"200","Isaiah Canaan",157,33,26,12,4,93,6,21,15,12.0089074482223,947276
"201","Isaiah Thomas",288,25,86,22,0,134,12,39,14,21.6017381105857,6912869
"202","Ish Smith",154,56,111,16,6,91,5,30,14,17.8082376195781,1100602
"203","J.J. Barea",130,33,62,4,1,72,5,29,15,12.1531692165606,4e+06
"204","Jameer Nelson",94,30,56,7,0,70,3,23,13,12.3366177419062,4500000
"205","Jarrett Jack",195,58,92,8,3,95,7,36,13,19.6266011897152,6300000
"206","Jeff Teague",217,33,85,18,7,104,10,38,13,20.4335345161424,8e+06
"207","Jeremy Lin",164,40,41,13,7,79,10,26,14,13.843453598291,2100000
"208","Jerian Grant",89,33,43,8,0,52,6,18,15,8.94830592429886,1572360
"209","John Wall",184,37,89,20,14,87,14,49,11,24.9783623550167,15851950
"210","Jose Calderon",109,33,51,16,0,51,0,16,15,9.06716704122383,7402812
"211","Joseph Young",9,3,4,2,0,8,1,3,5,3.69329786181125,1e+06
"212","Jrue Holiday",115,14,49,8,3,62,7,25,10,15.534549525869,10595507
"213","Kemba Walker",257,53,73,25,9,105,14,25,14,18.8579779277917,1.2e+07
"214","Kyle Lowry",302,69,97,40,8,132,10,48,15,23.5142078889779,1.2e+07
"215","Langston Galloway",152,61,31,18,2,64,8,9,15,10.3209375570227,845059
"216","Marcelo Huertas",30,15,23,3,1,15,0,13,8,7.29333120398293,525093
"217","Marcus Smart",88,34,29,16,3,56,10,15,9,15.0893976153863,3431040
"218","Mario Chalmers",33,14,19,8,1,22,1,9,6,10.0044784513027,4300000
"219","Mario Chalmers",86,10,16,12,1,29,6,7,6,12.5773566946956,4300000
"220","Michael Carter-Williams",108,31,47,12,7,49,9,31,9,18.2555074961954,2399040
"221","Mike Conley",230,43,98,20,1,114,8,24,15,17.5028310522202,9388426
"222","Mo Williams",171,38,58,7,1,69,3,24,11,16.1931314791567,2100000
"223","Pablo Prigioni",6,5,6,5,0,14,0,4,5,5.45201256525787,981348
"224","Patrick Beverley",33,22,8,5,1,25,0,10,7,8.41730021410676,6500000
"225","Patrick Mills",118,27,34,18,2,57,1,17,14,9.68156569842521,3578947
"226","Phil Pressey",39,13,31,5,0,18,4,11,9,7.50414301933425,902698
"227","Rajon Rondo",191,114,162,32,1,105,14,60,15,25.3522294776404,9500000
"228","Ramon Sessions",100,23,34,13,1,33,12,15,11,10.4710216096887,2170465
"229","Raul Neto",54,16,29,13,1,41,2,14,13,7.49548584592284,1e+06
"230","Ray McCallum",10,6,1,2,0,4,0,3,9,1.52910452554906,947276
"231","Raymond Felton",129,37,33,9,1,71,3,22,15,10.4910201284273,3950313
"232","Reggie Jackson",272,59,83,14,2,134,10,54,14,23.5638707790083,1.4e+07
"233","Ricky Rubio",113,49,87,18,1,61,7,23,10,19.0909887742554,12365000
"234","Rodney Stuckey",83,26,23,7,3,44,5,13,9,11.6542681520722,6500000
"235","Ronnie Price",48,10,18,11,2,21,1,10,12,5.24459908512,1499187
"236","Russ Smith",15,4,2,2,0,10,3,4,8,3.00779200211814,845059
"237","Russell Westbrook",422,113,152,36,6,166,22,75,15,33.3036734189309,16744218
"238","Seth Curry",20,1,6,0,0,5,0,0,6,1.86215666950923,947276
"239","Shabazz Napier",68,14,27,7,1,35,4,14,13,7.02227179517064,1294440
"240","Shane Larkin",97,29,42,18,2,42,3,22,14,9.56864011341098,1500000
"241","Shaun Livingston",68,27,31,7,3,30,1,13,14,6.49826284811979,5543725
"242","Shelvin Mack",27,9,12,5,0,17,0,5,7,5.6614324382673,2433333
"243","Spencer Dinwiddie",38,8,12,2,0,20,8,5,6,8.3558677465184,845059
"244","Stephen Curry",514,82,95,41,3,165,6,58,16,26.7762706689393,11370786
"245","Steve Blake",30,13,30,5,1,29,0,15,10,7.75838308567566,2170465
"246","T.J. McConnell",103,74,98,20,6,52,0,42,15,14.8735453313901,525093
"247","Terry Rozier",16,8,7,0,0,23,0,4,8,4.46901494570061,1824360
"248","Tim Frazier",2,3,5,2,0,2,0,2,8,1.2675864338712,845059
"249","Toney Douglas",89,18,25,12,0,43,1,15,12,8.57003854191572,1164858
"250","Toney Douglas",89,18,25,12,0,43,1,15,12,8.57003854191572,6e+05
"251","Tony Parker",189,25,63,13,1,61,8,28,14,13.262620722441,13437500
"252","Trey Burke",151,32,30,12,0,71,5,20,13,12.0983415398729,2658240
"253","Ty Lawson",108,41,69,17,3,78,13,35,14,15.468960934042,12404495
"254","Tyler Ennis",29,9,9,2,0,13,1,7,6,6.21036718576816,1662360
"255","Tyus Jones",1,1,1,1,0,5,1,0,2,3.52153079571745,1282080
"256","Zach LaVine",193,47,48,9,1,89,4,34,14,15.3317526870615,2148360
"257","Al-Farouq Aminu",195,122,29,9,15,105,11,31,16,-16.5411418712908,7500000
"258","Alonzo Gee",49,48,11,17,3,26,0,15,14,-6.43558456632908,1375000
"259","Anthony Brown",5,0,0,1,0,1,0,0,3,-0.749412724415129,7e+05
"260","Bojan Bogdanovic",133,42,13,10,0,68,6,22,14,-10.833648888135,3425510
"261","Bruno Caboclo",0,0,0,0,0,1,0,0,1,-0.937277327290127,1524000
"262","C.J. Miles",175,22,16,18,3,67,6,20,11,-13.9105807782406,4394225
"263","Carmelo Anthony",337,109,50,15,9,168,11,33,15,-23.5938655945803,22875000
"264","Caron Butler",20,9,2,4,0,14,1,2,7,-3.85521238750612,1499187
"265","Chandler Parsons",86,34,10,4,4,40,9,12,11,-9.13025315704668,15361500
"266","Chase Budinger",76,31,20,8,5,34,5,9,14,-6.53176182882365,5e+06
"267","Chris Johnson",18,9,2,1,0,11,2,2,10,-2.32519154597066,981348
"268","Cleanthony Early",7,2,1,1,0,1,0,0,5,-0.788576876339177,845059
"269","Corey Brewer",93,35,19,13,3,76,8,11,14,-10.1135368553158,8200000
"270","Damien Inglis",8,8,2,2,0,6,1,3,5,-3.50170928950949,855000
"271","Damjan Rudez",5,4,1,0,0,2,0,1,6,-1.06107237856378,1149500
"272","Danilo Gallinari",273,96,38,7,10,119,10,22,15,-17.7437251254943,1.4e+07
"273","Dante Cunningham",78,55,9,6,4,33,3,6,14,-6.33505627086996,3e+06
"274","DeMarre Carroll",160,59,15,24,3,89,11,18,12,-15.9455329303406,13500000
"275","Doug McDermott",123,28,9,2,1,48,2,8,13,-7.43378087588035,2380440
"276","Evan Fournier",263,56,39,20,0,113,8,26,14,-17.5887442957378,2288205
"277","Garrett Temple",53,20,10,4,0,25,3,5,9,-6.37991056614087,1100602
"278","Giannis Antetokounmpo",228,86,34,14,14,79,9,34,13,-18.2025421684983,1953960
"279","Gordon Hayward",215,63,38,10,3,104,15,29,13,-18.4279037278425,15409570
"280","Harrison Barnes",221,78,33,14,3,82,5,17,16,-12.5355549782454,3873398
"281","Jae Crowder",154,67,25,34,5,73,6,25,14,-13.9477911012335,6e+06
"282","JaKarr Sampson",86,42,6,4,1,32,9,20,15,-6.94563945009951,845059
"283","James Jones",45,13,5,2,2,23,3,3,14,-3.2902972852443,1499000
"284","Jeff Green",146,60,24,10,6,77,4,19,15,-11.5281849658099,9200000
"285","Jerami Grant",150,75,17,8,25,74,17,19,15,-12.9948302117728,845059
"286","Jeremy Evans",27,22,1,1,4,5,2,5,12,-2.57454234809987,1100602
"287","Joe Ingles",47,22,13,6,1,19,0,8,13,-4.33352385650556,2250000
"288","Joe Johnson",157,66,61,9,1,106,7,20,14,-15.92695014085,24894863
"289","Justise Winslow",97,65,19,8,3,45,8,22,13,-10.7400261006855,2481720
"290","Kawhi Leonard",279,102,26,24,16,108,6,16,13,-19.4931254517157,16500000
"291","Kelly Oubre",29,9,2,0,0,13,5,3,7,-4.3495342122019,1920240
"292","Kent Bazemore",144,53,31,20,5,56,2,22,12,-13.3299670924221,2e+06
"293","Kevin Durant",252,64,25,10,11,79,6,22,9,-22.600780852408,20158622
"294","Kobe Bryant",167,47,39,12,1,124,8,25,11,-21.0862038240347,2.5e+07
"295","Kostas Papanikolaou",21,12,2,3,1,8,1,4,11,-2.34268569390307,800321
"296","Kyle Anderson",35,29,11,7,7,24,5,4,14,-4.54605416753157,1142879
"297","Kyle Singler",33,24,0,8,3,36,4,11,14,-5.31134132270532,5e+06
"298","Lance Stephenson",62,32,20,7,2,38,5,17,13,-7.88178663286321,9e+06
"299","Lance Thomas",93,25,8,3,0,44,3,11,15,-6.07512909251664,1650000
"300","LeBron James",361,100,94,21,9,131,38,46,14,-27.4758878033907,22971000
"301","Luke Babbitt",65,46,10,1,3,34,3,5,11,-7.23498697758023,1100000
"302","Luol Deng",134,50,18,12,6,63,10,10,13,-11.0661857024034,10151612
"303","Marcus Morris",198,91,28,19,5,113,14,24,14,-17.877993828044,5e+06
"304","Mario Hezonja",65,25,10,3,1,39,1,19,14,-6.63846742516841,3741480
"305","Matt Barnes",104,55,16,19,9,71,3,11,15,-9.87595893715936,3542500
"306","Maurice Harkless",97,58,16,7,7,45,7,18,16,-8.14696227247946,2894059
"307","Metta World Peace",55,22,10,7,5,29,5,4,10,-6.69459855367464,1499187
"308","Mike Miller",21,8,2,3,0,6,0,1,10,-1.64609866314571,1499187
"309","Mike Miller",21,8,2,3,0,6,0,1,10,-1.64609866314571,2854940
"310","Omri Casspi",156,91,19,14,2,61,12,28,15,-12.6751461699608,3e+06
"311","Otto Porter",146,52,27,20,4,56,4,13,11,-13.3029998466433,4662960
"312","P.J. Hairston",53,27,7,2,3,35,1,4,11,-6.00513599682077,1201440
"313","P.J. Tucker",94,68,16,15,1,49,5,12,14,-9.16295542653586,5500000
"314","Paul Pierce",68,47,18,8,0,43,3,10,13,-7.81137703949165,3400000
"315","Rasual Butler",33,17,10,6,7,20,1,4,13,-3.83732251084937,1499187
"316","Reggie Bullock",4,6,1,1,0,16,0,2,9,-2.45596350503269,1252440
"317","Richard Jefferson",105,19,15,8,3,45,7,15,14,-7.70993614781394,1499000
"318","Robert Covington",67,27,7,11,4,42,3,19,6,-17.1307250407922,1e+06
"319","Rondae Hollis-Jefferson",70,79,23,22,6,29,10,19,14,-9.58187767336522,1335480
"320","Rudy Gay",237,91,32,15,2,115,8,28,13,-19.8054304087385,12403101
"321","Sam Dekker",0,1,0,1,0,0,0,0,3,-0.307832739008454,1646400
"322","Sergey Karasev",9,4,1,1,0,4,0,2,5,-2.16038271263922,1599840
"323","Solomon Hill",11,6,1,1,0,6,0,3,5,-3.0615661127266,1358880
"324","Stanley Johnson",113,50,17,9,0,72,7,18,14,-10.8759473809196,2841960
"325","T.J. Warren",142,42,8,7,2,60,5,12,13,-9.84179541518621,2041080
"326","Tayshaun Prince",41,33,11,5,2,22,5,6,14,-4.5411376039971,1499187
"327","Terrence Ross",52,14,5,6,1,34,0,6,9,-6.78050716106069,3553917
"328","Thabo Sefolosha",98,64,18,22,9,34,7,13,13,-9.62245632947423,4e+06
"329","Tony Allen",97,60,15,25,4,54,9,13,15,-9.3862402271931,5168539
"330","Tony Snell",78,39,14,3,5,54,1,13,13,-8.54018595187279,1535880
"331","Trevor Ariza",172,77,27,27,4,101,9,24,14,-16.2203544394882,8193030
"332","Wesley Johnson",79,25,5,7,5,26,2,4,14,-4.60597751144162,1100600
"333","Alec Burks",198,47,28,12,2,92,11,26,13,-15.5468815950675,9213484
"334","Allen Crabbe",132,34,17,11,2,57,2,12,16,-7.50453107576799,947276
"335","Andre Iguodala",146,74,67,23,3,50,8,17,16,-11.1811257478728,11710456
"336","Andre Roberson",72,44,11,9,8,35,5,5,14,-6.21789173445944,1210800
"337","Andrew Wiggins",290,47,26,8,9,132,26,28,13,-20.4731297622156,5758680
"338","Anthony Morrow",76,17,6,10,1,41,0,6,14,-5.14427809051487,3344000
"339","Archie Goodwin",42,20,7,1,1,16,10,10,10,-5.8684741745874,1160160
"340","Arron Afflalo",87,26,15,0,0,50,2,7,7,-12.4435947894528,8e+06
"341","Austin Rivers",119,24,14,13,3,63,13,11,14,-8.98052241339851,3100000
"342","Avery Bradley",190,35,26,19,3,82,6,17,12,-14.2459830225585,7730337
"343","Ben McLemore",115,25,18,9,1,55,4,24,15,-8.83942014386367,3156600
"344","Bradley Beal",163,34,19,9,2,73,7,22,8,-19.8986222868636,5694674
"345","Brandon Knight",300,63,75,20,7,137,8,52,14,-23.8147720952223,1.2e+07
"346","Brandon Rush",20,18,4,2,1,13,2,3,8,-4.02827428313459,1270964
"347","C.J. McCollum",319,56,51,15,6,149,6,35,16,-18.6140123275515,2525160
"348","Courtney Lee",126,44,17,19,5,79,2,13,15,-9.91829900093568,5675000
"349","Danny Green",112,60,35,8,9,77,3,20,14,-12.1444448678481,1e+07
"350","DeMar DeRozan",313,67,63,18,3,139,24,40,15,-21.5230887594896,9500000
"351","Devin Booker",53,13,4,4,3,19,2,6,11,-4.31590557663485,2127840
"352","Devyn Marble",0,1,0,1,0,4,0,0,2,-2.08959270674855,845059
"353","Dion Waiters",166,54,29,18,3,84,6,26,15,-12.9038292176463,5138430
"354","Dwyane Wade",221,39,56,14,7,110,12,25,12,-19.4014196493785,2e+07
"355","E'Twaun Moore",68,24,13,6,2,32,2,8,13,-5.65822549305038,1015421
"356","Elijah Millsap",12,9,4,1,1,9,3,2,8,-2.77267965847248,845059
"357","Eric Gordon",259,37,45,17,3,134,6,23,14,-17.37093037165,15514031
"358","Evan Turner",127,62,50,14,5,65,4,28,14,-13.3029240350382,3425510
"359","Gary Harris",152,41,28,16,3,61,4,21,15,-10.3428301791457,1587480
"360","Gary Neal",100,19,10,6,0,46,0,10,11,-7.91242001594535,2100000
"361","Gerald Green",53,18,3,0,1,40,2,4,7,-8.50827851949819,1356000
"362","Gerald Henderson",37,16,2,3,1,31,5,9,8,-7.60911761551494,6e+06
"363","Goran Dragic",139,46,60,12,3,73,7,29,13,-14.9310942759001,14780000
"364","Hollis Thompson",131,63,23,10,4,71,5,26,15,-11.6159744948126,947276
"365","Ian Clark",33,11,13,3,2,17,1,6,12,-3.66623797519339,947276
"366","J.J. Redick",158,14,17,6,2,58,4,15,11,-10.9315073216571,6867000
"367","J.R. Smith",118,34,23,6,6,70,6,14,11,-12.4900071838341,5e+06
"368","Jamal Crawford",194,27,30,9,1,99,3,18,14,-12.6043165718515,5675000
"369","James Anderson",28,7,5,4,1,21,1,8,9,-4.90539690701177,1015421
"370","James Harden",391,87,90,28,14,178,18,67,14,-31.5227294057969,15756438
"371","James Young",3,0,0,1,0,0,0,0,2,-0.505042029954423,1749840
"372","Jared Cunningham",45,14,10,5,2,26,9,8,12,-5.35266779282417,981348
"373","Jason Terry",58,12,15,5,2,32,0,12,12,-6.00154969317439,1499187
"374","Jeremy Lamb",162,57,19,7,7,58,5,10,13,-10.5454195355668,3034356
"375","Jerryd Bayless",165,38,49,17,3,73,6,26,14,-13.2978968686483,3e+06
"376","Jimmy Butler",274,68,44,27,9,106,20,20,13,-19.373624471832,15260000
"377","Jodie Meeks",2,2,0,0,0,4,0,1,2,-3.08178815660569,6270000
"378","Joe Harris",3,3,2,0,0,3,0,1,5,-1.38565294523154,845059
"379","John Jenkins",24,10,5,1,0,17,0,4,5,-6.37869173894085,981000
"380","Jonathon Simmons",4,3,2,1,0,1,0,0,3,-1.43136000952007,525093
"381","Jordan Adams",7,2,3,3,0,4,2,2,2,-6.65654543947457,1404600
"382","Jordan Clarkson",209,41,28,12,4,97,7,27,14,-14.6211582020893,845059
"383","Josh Richardson",9,3,2,1,0,5,1,2,4,-3.14422758721196,525093
"384","Justin Anderson",35,14,2,2,2,14,1,6,11,-3.41721993815628,1449000
"385","Justin Holiday",48,18,9,8,4,33,1,9,13,-5.34054302858461,947300
"386","K.J. McDaniels",9,7,1,1,2,10,2,3,5,-4.31787173182992,3333333
"387","Kentavious Caldwell-Pope",193,38,19,19,3,94,5,17,14,-12.7367884428222,2891760
"388","Kevin Martin",170,35,19,7,0,87,8,16,13,-12.3444455281296,7085000
"389","Khris Middleton",192,44,34,17,3,101,6,18,14,-13.9355354204398,1.5e+07
"390","Kirk Hinrich",48,6,13,5,0,14,1,4,6,-6.381267283786,2870000
"391","Klay Thompson",243,55,41,8,12,115,6,31,15,-16.3787521863818,15500000
"392","Kyle Korver",150,55,31,9,3,54,2,19,14,-10.5964228717334,5746479
"393","Lamar Patterson",36,22,17,4,0,17,4,6,10,-5.33054959603594,525093
"394","Leandro Barbosa",79,19,24,14,2,47,3,11,13,-7.72102970347216,2500000
"395","Lou Williams",172,33,34,10,3,86,14,21,14,-13.0631548410874,7e+06
"396","Luis Montero",3,1,0,0,0,1,0,1,2,-1.73267718596766,525093
"397","Manu Ginobili",128,38,37,14,2,51,3,17,11,-12.4342583279496,2814000
"398","Marco Belinelli",188,23,39,10,0,96,7,23,15,-12.4864001472761,6333333
"399","Marcus Thornton",138,42,21,13,1,86,0,7,12,-11.6788399905358,1186000
"400","Markel Brown",23,4,8,3,1,21,2,4,7,-5.26330090389881,845059
"401","Matthew Dellavedova",110,32,83,11,0,53,2,19,14,-11.0214937872437,1147280
"402","Monta Ellis",175,49,74,24,7,101,10,41,14,-18.7047325963119,10300000
"403","Nick Young",130,26,9,9,3,63,0,10,14,-7.96929436948081,5219169
"404","Nicolas Batum",237,86,57,14,8,97,6,42,14,-19.4035052470745,12235750
"405","Nik Stauskas",129,36,29,8,4,89,5,18,14,-11.723195844528,2869440
"406","Norman Powell",10,9,1,3,0,17,0,3,8,-3.31848744548353,650000
"407","Pat Connaughton",5,1,0,0,0,3,0,1,4,-1.35018296853951,525093
"408","R.J. Hunter",34,14,3,6,1,17,0,5,9,-4.36271205013551,1148640
"409","Randy Foye",67,22,22,6,2,62,2,14,15,-7.40255475251686,3270000
"410","Rashad Vaughn",30,6,1,1,2,14,0,5,9,-3.28646684107404,1733040
"411","Rodney Hood",155,27,35,16,4,77,4,22,12,-13.9692636114722,1348440
"412","Sasha Vujacic",43,36,18,8,1,45,1,11,12,-7.70544508871546,1356146
"413","Shabazz Muhammad",109,34,5,1,1,43,6,13,14,-7.05076633547199,2056920
"414","Sonny Weems",9,14,9,3,0,9,2,10,9,-4.40527571217984,2800000
"415","Troy Daniels",7,3,1,0,0,4,1,1,5,-1.74993022183028,947276
"416","Tyler Johnson",106,32,21,8,6,34,6,13,12,-8.66555648346908,845059
"417","Victor Oladipo",154,74,43,16,8,104,6,18,12,-17.6196447168789,5192520
"418","Vince Carter",19,10,0,3,2,13,1,4,4,-7.11482518198503,4088091
"419","Wayne Ellington",45,16,9,9,1,37,0,1,13,-4.27522763647264,1500000
"420","Wayne Ellington",45,16,9,9,1,37,0,1,13,-4.27522763647264,923780
"421","Wesley Matthews",145,32,22,9,1,84,4,13,13,-11.3163275245963,16400000
"422","Will Barton",203,73,28,18,9,81,5,15,15,-12.6127933546541,1450000
