"","Player","Points","Total_Rebounds","Assists","Steals","Blocks","Missed_Field_Goals","Missed_Free_Throws","Turnovers","Games","EFF","Salary"
"1","Al Horford",1249,596,263,68,121,-519,-26,-107,82,-6.86899548288269,1.2e+07
"2","Mike Muscala",195,117,34,13,27,-76,-8,-27,60,-1.69011641747551,947276
"3","Tiago Splitter",201,120,30,20,12,-74,-9,-24,36,-2.74051760579429,8500000
"4","Walter Tavares",25,21,3,1,6,-8,-5,-5,11,-1.43993787417501,1e+06
"5","Kelly Olynyk",687,281,105,52,33,-303,-32,-74,69,-4.43482223822313,2165160
"6","Tyler Zeller",364,178,29,10,22,-152,-20,-46,60,-2.3950320588885,2616975
"7","Andrea Bargnani",304,97,18,4,9,-152,-10,-26,46,-2.10918682793536,1362900
"8","Brook Lopez",1501,573,147,58,124,-566,-86,-175,73,-8.20207171219525,2e+07
"9","Henry Sims",91,72,9,9,14,-44,-5,-12,14,-3.73858943447191,161622
"10","Cameron Bairstow",34,28,6,2,3,-27,-1,-4,18,-1.07839425235854,845059
"11","Cristiano Felicio",105,102,26,6,13,-32,-10,-13,31,-1.93178927792345,525090
"12","Joakim Noah",124,255,110,18,29,-82,-23,-52,29,-5.77728277692883,13400000
"13","Pau Gasol",1187,793,294,42,146,-528,-60,-164,72,-8.70292456171574,7448760
"14","Al Jefferson",562,301,70,30,41,-260,-39,-34,47,-5.07772521727432,13833333
"15","Cody Zeller",638,455,71,57,63,-206,-57,-68,73,-4.37706370404469,4204200
"16","Frank Kaminsky",606,335,98,38,43,-310,-40,-58,81,-3.56887694019486,2612500
"17","Anderson Varejao",80,91,20,11,5,-44,-5,-16,31,-1.85923116134038,NA
"18","Channing Frye",196,93,26,8,8,-90,-3,-13,26,-2.82228724187357,7807579
"19","Sasha Kaun",23,26,3,4,5,-8,-6,-7,25,-0.816525834606334,1300000
"20","Timofey Mozgov",475,337,33,22,57,-156,-27,-71,76,-2.91269920561694,4950000
"21","JaVale McGee",172,133,3,5,26,-57,-18,-21,34,-2.29903564694051,1270964
"22","Salah Mejri",125,123,10,8,36,-29,-19,-23,34,-2.36670904924292,525093
"23","Zaza Pachulia",650,718,128,64,22,-251,-64,-119,76,-5.26591748753857,5200000
"24","J.J. Hickson",137,87,16,10,12,-54,-32,-16,20,-3.7029711844394,5613500
"25","Joffrey Lauvergne",465,290,56,13,15,-185,-7,-54,59,-3.06284101139978,1709720
"26","Jusuf Nurkic",263,175,40,24,44,-141,-38,-55,32,-5.45970906656562,1842000
"27","Nikola Jokic",796,560,189,79,50,-293,-36,-104,80,-5.41229542491898,1300000
"28","Andre Drummond",1314,1198,67,119,112,-508,-378,-155,81,-9.5085223263339,3272091
"29","Aron Baynes",514,384,51,21,52,-190,-39,-67,81,-2.97747631858284,6500000
"30","Joel Anthony",18,21,1,2,12,-4,-2,-2,19,-0.79522802099609,2500000
"31","Anderson Varejao",58,50,15,5,5,-27,-13,-6,22,-1.67287420062922,458575
"32","Andrew Bogut",375,492,162,33,114,-104,-26,-83,70,-4.52845419979334,1.2e+07
"33","Festus Ezeli",320,257,32,18,50,-103,-62,-38,46,-3.8032180281091,2008748
"34","Jason Thompson",60,54,19,4,8,-22,-12,-7,28,-1.38301375612506,6431250
"35","Marreese Speights",512,239,61,19,34,-259,-20,-66,72,-3.06535426147771,3815000
"36","Chuck Hayes",4,8,2,0,0,-1,0,-3,2,-1.97700658241974,83583
"37","Clint Capela",542,494,47,59,92,-166,-131,-60,77,-4.4058678107241,1242720
"38","Dwight Howard",976,835,98,69,113,-228,-242,-166,71,-7.98750386966571,22359364
"39","Ian Mahinmi",660,507,104,65,75,-184,-93,-100,71,-5.3731366415811,4e+06
"40","Jordan Hill",645,451,87,36,37,-271,-36,-92,73,-4.22902650787823,4e+06
"41","Myles Turner",619,332,41,25,86,-266,-33,-67,60,-4.5385999192323,2357760
"42","Cole Aldrich",328,288,50,47,68,-91,-24,-64,60,-3.74323947274139,1100600
"43","DeAndre Jordan",980,1059,90,51,177,-151,-353,-107,77,-7.75293739015636,19500000
"44","Jeff Ayres",30,22,5,0,3,-11,0,-6,17,-0.816034299438359,317232
"45","Robert Sacre",87,72,14,4,10,-44,-13,-12,25,-1.97912613673938,981348
"46","Roy Hibbert",481,398,95,32,110,-229,-28,-76,81,-3.77096663791426,15500000
"47","Tarik Black",133,157,16,14,18,-47,-26,-22,39,-2.29844732570168,845059
"48","Chris Andersen",92,89,9,14,10,-28,-10,-7,20,-2.68120324996195,5e+06
"49","Jarnell Stokes",0,2,0,0,0,0,0,0,2,-0.122725386034386,NA
"50","Marc Gasol",861,362,196,50,70,-379,-42,-118,52,-8.12002392557897,19700000
"51","Ryan Hollins",116,87,10,6,20,-27,-16,-21,32,-1.95502046778722,593056
"52","Amar'e Stoudemire",300,222,27,18,41,-96,-17,-47,52,-2.89884644220914,1499187
"53","Chris Andersen",13,9,3,1,3,-6,-1,-2,7,-1.1958389722659,NA
"54","Hassan Whiteside",1040,865,30,44,269,-269,-115,-137,73,-7.53239233352106,981348
"55","Jarnell Stokes",7,2,1,1,0,-2,-1,0,5,-0.581069097785367,NA
"56","Greg Monroe",1210,696,178,72,67,-450,-80,-129,79,-6.80967455619687,16400000
"57","John Henson",397,221,54,18,109,-127,-48,-64,57,-4.01837350830429,2943221
"58","Miles Plumlee",314,232,16,21,50,-93,-25,-40,61,-2.54023293403936,2109294
"59","Gorgui Dieng",827,585,143,94,96,-271,-43,-140,82,-5.85638629483936,1474440
"60","Karl-Anthony Towns",1503,857,161,58,138,-528,-52,-183,82,-7.70422535535879,5703600
"61","Nikola Pekovic",54,21,11,1,0,-31,-4,-9,12,-2.00691661506681,12100000
"62","Alexis Ajinca",352,269,31,19,36,-165,-10,-54,59,-2.95808940795211,4300000
"63","Kendrick Perkins",91,128,31,11,11,-35,-14,-41,37,-2.33144823829173,1499200
"64","Omer Asik",269,414,26,21,23,-91,-51,-60,68,-2.70923180654386,1.1e+07
"65","Kevin Seraphin",187,126,47,8,36,-121,-4,-43,48,-2.54182513712467,2800000
"66","Robin Lopez",842,602,114,16,129,-305,-33,-133,82,-4.97000352414908,1.3e+07
"67","Enes Kanter",1038,664,33,26,33,-305,-51,-115,82,-4.37320728365505,16400000
"68","Nazr Mohammed",8,4,0,0,0,-2,0,-3,5,-0.646145636239167,352750
"69","Steven Adams",636,533,62,42,89,-165,-82,-84,80,-4.17782142091725,2279040
"70","Dewayne Dedmon",255,228,13,22,46,-78,-19,-32,58,-2.38364870206274,947278
"71","Jason Smith",546,219,62,33,65,-259,-13,-57,76,-3.20729926667863,4300000
"72","Nikola Vucevic",1181,576,179,53,70,-513,-37,-123,65,-7.6269541072094,11250000
"73","Elton Brand",70,63,18,9,8,-41,-1,-11,17,-2.78033931457054,890693
"74","Jahlil Okafor",928,373,65,22,61,-384,-61,-124,53,-6.77231232240779,4582680
"75","Nerlens Noel",747,542,122,118,100,-281,-93,-158,67,-7.73038584352634,3457800
"76","Alex Len",703,594,97,38,62,-360,-65,-145,78,-5.21074346591956,3807120
"77","Tyson Chandler",472,576,64,36,44,-131,-65,-93,66,-4.41563253150546,1.3e+07
"78","Chris Kaman",44,24,11,1,1,-23,0,-8,16,-1.29594582661261,5e+06
"79","Mason Plumlee",749,628,226,68,85,-250,-120,-154,82,-6.2043600676827,1415520
"80","DeMarcus Cousins",1748,747,214,101,92,-731,-187,-249,65,-12.3183610101755,14728844
"81","Kosta Koufos",529,423,33,40,70,-208,-47,-48,78,-3.38917145767027,7500000
"82","Willie Cauley-Stein",463,352,37,48,66,-148,-44,-46,66,-3.71442814126737,3398280
"83","Boban Marjanovic",297,194,21,12,23,-69,-27,-29,54,-2.18022972591284,1200000
"84","Matt Bonner",76,27,9,6,1,-28,-1,-3,30,-0.879641389152779,1499187
"85","Tim Duncan",522,447,163,47,78,-226,-39,-90,61,-5.740382234745,5e+06
"86","Bismack Biyombo",454,655,29,19,133,-132,-84,-71,82,-3.76447516882545,3e+06
"87","Jason Thompson",87,80,10,8,12,-34,-4,-8,19,-2.46500626852725,328955
"88","Jonas Valanciunas",768,547,42,25,80,-233,-51,-85,60,-5.31157238097331,4660482
"89","Lucas Nogueira",65,46,7,12,12,-16,-7,-11,29,-1.50237475802112,1842000
"90","Jeff Withey",217,173,20,21,53,-75,-16,-28,51,-2.54195534423527,947276
"91","Rudy Gobert",557,668,91,45,135,-156,-122,-114,61,-6.74877536198272,1175880
"92","Tibor Pleiss",24,15,2,1,2,-14,0,-8,12,-1.14057642120494,3e+06
"93","DeJuan Blair",61,57,11,8,2,-40,-8,-15,29,-1.51182453638961,NA
"94","J.J. Hickson",69,45,7,5,2,-21,-25,-9,15,-2.50393296513223,366337
"95","Marcin Gortat",1012,741,106,47,96,-331,-61,-121,75,-6.10561908264239,11217391
"96","Ryan Hollins",8,11,0,0,1,-3,0,-3,5,-0.955397807521418,176375
"97","Kris Humphries",134,71,13,10,7,-54,-13,-14,21,3.37228359964313,388025
"98","Mike Scott",464,206,78,25,17,-200,-13,-42,75,2.74203327527247,3333333
"99","Paul Millsap",1385,732,265,147,139,-565,-99,-191,81,10.7695683035937,1.9e+07
"100","Amir Johnson",577,505,138,52,83,-177,-52,-94,79,5.32744559520476,1.2e+07
"101","David Lee",214,130,54,12,13,-105,-11,-38,30,4.31423210623168,15493680
"102","Jared Sullinger",834,673,187,75,47,-455,-58,-102,81,6.65286890507833,2269260
"103","Jonas Jerebko",340,288,62,20,24,-168,-17,-52,78,2.66248836984564,5e+06
"104","Jordan Mickey",21,13,1,0,11,-14,-5,-1,16,1.20422306811794,1200000
"105","Chris McCullough",112,68,9,28,12,-65,-12,-15,24,3.81286266435186,1140240
"106","Thaddeus Young",1102,660,135,112,37,-468,-58,-136,73,8.1678975165501,11200000
"107","Thomas Robinson",307,359,46,39,36,-161,-62,-69,71,4.05091932626691,981300
"108","Willie Reed",182,122,10,6,30,-57,-25,-16,39,2.71593169187602,947276
"109","Bobby Portis",436,337,52,25,22,-250,-18,-54,62,3.8572735341914,1391160
"110","Nikola Mirotic",777,362,100,58,46,-361,-35,-102,66,6.10669815414189,5543725
"111","Taj Gibson",627,504,106,47,77,-237,-45,-78,73,5.44805496437928,8500000
"112","Marvin Williams",948,521,110,58,77,-409,-24,-62,81,5.41747352241417,7e+06
"113","Spencer Hawes",340,244,109,22,27,-182,-11,-58,57,3.90301685999685,5543725
"114","Tyler Hansbrough",104,89,8,12,7,-39,-27,-12,44,1.81073698233488,1185784
"115","Kevin Love",1234,762,186,58,41,-568,-56,-142,77,7.85798190168108,19500000
"116","Tristan Thompson",643,738,62,38,51,-173,-93,-61,82,5.00098785839619,14260870
"117","Charlie Villanueva",319,152,24,18,15,-202,-2,-31,62,2.30131526127872,1499187
"118","David Lee",213,175,30,10,15,-52,-11,-28,25,4.47023196434511,2102224
"119","Dirk Nowitzki",1372,489,132,52,52,-614,-30,-84,75,6.72422617857857,8333334
"120","Dwight Powell",399,273,44,36,24,-150,-37,-40,69,3.2830090280815,845059
"121","Darrell Arthur",527,293,96,53,48,-268,-13,-66,70,4.42131011905964,2814000
"122","Kenneth Faried",835,581,79,32,60,-277,-86,-91,67,6.54637530354631,11235955
"123","Anthony Tolliver",383,229,52,26,16,-204,-18,-28,72,2.63917406364515,3e+06
"124","Ersan Ilyasova",589,282,55,38,27,-292,-30,-59,52,5.4135742685373,NA
"125","Justin Harper",13,1,0,1,0,-6,-1,-2,5,1.08197945922838,99418
"126","Tobias Harris",447,168,70,18,12,-182,-8,-30,27,6.27779637754587,1.6e+07
"127","Draymond Green",1131,769,598,119,113,-418,-100,-259,81,11.6595105657441,14300000
"128","James Michael McAdoo",117,58,17,10,8,-39,-23,-16,41,1.87497046651964,845059
"129","Kevon Looney",9,10,0,0,0,-3,0,-1,5,0.681204302550208,1131960
"130","Donatas Motiejunas",230,109,41,17,5,-115,-19,-44,37,3.64693098101619,2288205
"131","Josh Smith",151,67,48,16,13,-111,-13,-36,23,5.14979446215657,1499000
"132","Montrezl Harrell",140,65,17,11,11,-32,-22,-17,39,2.09174152139826,1e+06
"133","Terrence Jones",434,211,41,23,39,-201,-39,-49,50,4.64742635793658,2489530
"134","Lavoy Allen",428,424,76,26,42,-179,-27,-69,79,3.55928176740986,3700000
"135","Rakeem Christmas",4,1,0,0,0,0,0,0,1,0.462134757160867,1e+06
"136","Shayne Whittington",11,12,3,1,1,-6,-1,-5,7,1.52694061365471,845059
"137","Alex Stepheson",2,2,0,0,2,0,-2,0,4,0.904367510248112,61776
"138","Blake Griffin",749,294,170,28,17,-302,-53,-83,35,10.1220516044671,18907725
"139","Branden Dawson",5,4,0,0,1,-3,0,0,6,0.37320721201311,525093
"140","Josh Smith",181,125,42,18,34,-111,-17,-41,32,4.74170367693775,NA
"141","Luc Mbah a Moute",231,171,30,44,19,-113,-27,-34,75,2.38796202612007,1270964
"142","Brandon Bass",473,285,74,33,55,-143,-23,-42,66,3.81736322813489,3e+06
"143","Julius Randle",919,829,144,53,29,-477,-77,-149,81,7.03406903782045,3132240
"144","Larry Nance Jr.",349,312,44,54,23,-142,-15,-41,63,3.60956558594076,1155600
"145","Ryan Kelly",152,121,20,13,10,-94,-17,-18,36,2.79091913367952,1724250
"146","Alex Stepheson",20,26,2,1,3,-18,-6,0,4,4.4038342659596,30888
"147","Brandan Wright",83,43,6,5,15,-17,-11,-10,12,4.17621284817582,5500000
"148","JaMychal Green",578,373,67,46,33,-265,-34,-83,78,4.18243584725665,845059
"149","Jarell Martin",153,86,15,8,7,-62,-17,-19,27,3.00966104370752,1230840
"150","Zach Randolph",1040,529,142,43,13,-476,-44,-105,68,6.65800437186637,9638555
"151","Chris Bosh",1010,390,128,36,34,-409,-55,-78,53,7.77818609765941,22192730
"152","Josh McRoberts",150,105,81,18,7,-93,-12,-30,42,2.98185329720081,5543725
"153","Luol Deng",911,443,140,74,29,-406,-47,-81,74,6.05018053670026,10151612
"154","Udonis Haslem",59,75,14,5,2,-38,-4,-5,37,1.10080680117034,2854940
"155","Chris Copeland",50,10,11,2,0,-34,-1,-6,24,0.911392492446184,NA
"156","Jabari Parker",1070,395,130,69,29,-456,-53,-116,76,6.32761548013316,5152440
"157","Johnny O'Bryant",200,176,32,18,8,-123,-13,-31,66,1.98004709799111,845059
"158","Steve Novak",7,1,0,0,0,-4,0,0,3,0.458579401926478,416886
"159","Adreian Payne",132,111,29,16,11,-92,-9,-36,52,2.099443133255,1938840
"160","Greg Smith",43,42,6,4,1,-14,-10,-7,18,1.79295691582919,247623
"161","Kevin Garnett",122,150,62,28,10,-61,-7,-16,38,3.08328453774112,8500000
"162","Nemanja Bjelica",308,210,83,26,21,-125,-15,-47,60,3.20212772299418,4e+06
"163","Anthony Davis",1481,627,116,78,125,-576,-104,-121,61,11.3103308113806,7070730
"164","Ryan Anderson",1124,396,73,38,25,-532,-29,-90,66,6.14638203953817,8500000
"165","Kristaps Porzingis",1028,526,93,53,134,-513,-39,-121,72,7.58319501120411,4131720
"166","Kyle O'Quinn",309,250,72,20,49,-142,-14,-61,65,3.38558000716624,3750000
"167","Lance Thomas",484,131,53,22,7,-213,-17,-57,59,3.26034517302793,1650000
"168","Lou Amundson",52,49,12,6,7,-34,-13,-15,29,1.85635226769426,1650000
"169","Josh Huestis",14,10,0,1,2,-7,-4,-3,5,2.34206601151829,1140240
"170","Mitch McGary",26,18,3,1,2,-12,-6,-7,20,1.00497025968858,1463040
"171","Nick Collison",123,171,52,15,16,-59,-10,-50,59,2.24810675539606,3750000
"172","Serge Ibaka",983,533,66,38,148,-453,-30,-108,78,6.44019719924265,12350000
"173","Steve Novak",17,4,0,0,0,-6,0,-1,7,0.516351518305898,NA
"174","Aaron Gordon",719,507,128,59,55,-305,-64,-66,78,5.50097327854369,4171680
"175","Andrew Nicholson",384,201,25,10,22,-164,-14,-41,56,2.90428074096614,2380594
"176","Channing Frye",229,141,45,21,20,-105,-2,-30,44,2.97207748823053,NA
"177","Ersan Ilyasova",178,121,12,14,6,-89,-13,-12,22,4.07493361015504,7900000
"178","Tobias Harris",669,342,99,47,28,-290,-33,-78,49,6.87497722549505,NA
"179","Carl Landry",351,146,32,12,9,-111,-24,-22,36,3.70786647786713,6500000
"180","Christian Wood",61,38,3,5,7,-31,-8,-2,17,2.07743154275916,305789
"181","Richaun Holmes",287,135,33,19,40,-108,-23,-32,51,3.18438770163301,1050000
"182","Alan Williams",29,38,5,4,5,-14,-5,-6,10,2.82355993425807,114285
"183","Cory Jefferson",22,16,0,0,1,-13,-2,0,8,1.09969563016319,421449
"184","Jon Leuer",567,373,72,38,30,-242,-24,-75,67,4.45910493053833,1035000
"185","Kris Humphries",29,32,7,3,2,-26,-2,-4,4,5.73176967534603,4600000
"186","Markieff Morris",430,194,87,33,17,-260,-26,-90,37,7.1856901954225,NA
"187","Mirza Teletovic",965,302,89,32,21,-445,-35,-84,79,4.57565124803145,5500000
"188","Cliff Alexander",10,6,0,1,2,-5,0,-1,8,0.714439542813482,525093
"189","Ed Davis",526,599,88,57,72,-131,-90,-64,81,5.13667040502792,7e+06
"190","Meyers Leonard",511,314,92,8,18,-240,-11,-77,61,3.96604179590103,3075880
"191","Noah Vonleh",283,305,30,27,26,-161,-13,-50,78,2.5368173115006,2637720
"192","Eric Moreland",8,11,1,0,4,-3,-2,-3,8,1.22076934647574,845059
"193","Quincy Acy",307,188,27,29,24,-95,-18,-27,59,2.69628380735607,981348
"194","Boris Diaw",485,233,176,26,21,-181,-20,-97,76,3.78985836662925,7e+06
"195","David West",554,309,143,44,55,-204,-17,-68,78,4.09605427102601,1499000
"196","LaMarcus Aldridge",1331,632,110,38,81,-509,-43,-99,74,7.0969281439239,19500000
"197","Anthony Bennett",28,23,0,5,0,-19,-1,-4,19,0.930836173844031,947276
"198","James Johnson",287,126,67,29,33,-126,-29,-54,57,3.52265580353109,2500000
"199","Luis Scola",664,360,66,46,27,-329,-23,-68,76,4.18081946825965,3e+06
"200","Patrick Patterson",543,342,94,53,32,-289,-5,-65,79,3.82315573898797,6268675
"201","Derrick Favors",1016,503,94,74,91,-393,-74,-104,62,8.55747241364178,11933333
"202","Trevor Booker",463,452,84,59,41,-198,-35,-81,79,4.33936389931047,4775000
"203","Trey Lyles",488,299,59,26,18,-245,-25,-65,80,3.12838657692826,2239800
"204","Drew Gooden",82,85,13,8,11,-70,-5,-13,30,2.16766657743578,3300000
"205","Jared Dudley",638,286,170,75,18,-254,-26,-80,81,4.46129359593853,4250000
"206","Kris Humphries",180,115,16,3,14,-94,-2,-20,28,2.90567395953875,NA
"207","Markieff Morris",335,158,37,25,17,-153,-13,-45,27,6.23592105579654,8e+06
"208","Nene Hilario",525,259,97,54,26,-175,-78,-76,57,5.88668924056167,1.3e+07
"209","Dennis Schroder",879,204,349,70,9,-452,-38,-183,80,-4.90336283779283,1763400
"210","Jeff Teague",1239,214,470,97,24,-554,-51,-218,79,-6.52407062850109,8e+06
"211","Kirk Hinrich",5,12,14,2,1,-9,0,-3,11,-0.988322824501702,2870000
"212","Shelvin Mack",93,22,38,8,0,-55,-3,-14,24,-1.61895439326273,NA
"213","Isaiah Thomas",1823,243,509,91,9,-791,-70,-220,82,-7.19973890975479,6912869
"214","Marcus Smart",558,255,185,91,18,-345,-37,-80,61,-5.38606607623958,3431040
"215","Terry Rozier",72,63,37,6,1,-77,-2,-19,39,-1.34107695548346,1824360
"216","Donald Sloan",424,173,268,32,4,-196,-26,-80,61,-3.64114711584885,1015421
"217","Jarrett Jack",411,136,236,34,7,-218,-12,-94,32,-6.55451943253749,6300000
"218","Shane Larkin",566,180,342,95,12,-280,-24,-146,78,-4.30137673846137,1500000
"219","Aaron Brooks",491,101,180,30,10,-281,-15,-82,69,-2.97388536478982,2e+06
"220","Derrick Rose",1080,225,311,44,14,-601,-37,-175,66,-6.22827777361729,20093063
"221","Kirk Hinrich",132,58,59,13,1,-71,-1,-27,35,-1.84259450712375,NA
"222","Brian Roberts",145,29,38,7,1,-64,-3,-16,30,-1.55706452635521,NA
"223","Jorge Gutierrez",22,7,17,3,0,-5,-1,-6,12,-0.986075249962783,301444
"224","Kemba Walker",1689,357,421,126,39,-763,-67,-171,81,-7.8673397963248,1.2e+07
"225","Jordan McRae",62,12,15,0,1,-29,-4,-9,15,-1.45412781958639,172972
"226","Kyrie Irving",1041,157,249,56,18,-485,-22,-124,53,-6.52033444095184,14746000
"227","Matthew Dellavedova",569,162,337,44,9,-304,-9,-116,76,-3.56022923794514,1147280
"228","Mo Williams",338,72,98,14,5,-170,-4,-57,41,-2.98150012583844,2100000
"229","Deron Williams",918,190,378,61,14,-454,-27,-150,65,-5.76347428973654,5500000
"230","Devin Harris",487,138,118,60,13,-207,-39,-66,64,-3.62046491838449,4053000
"231","J.J. Barea",808,152,302,26,2,-394,-22,-113,74,-3.75192066252784,4e+06
"232","Raymond Felton",763,258,284,68,15,-405,-27,-121,80,-4.43572002086617,3950313
"233","D.J. Augustin",325,52,132,25,2,-127,-17,-54,28,-4.57691305658179,3e+06
"234","Emmanuel Mudiay",872,232,372,65,35,-576,-69,-217,68,-7.25618452696616,3102240
"235","Erick Green",0,1,1,0,0,-1,0,0,3,-0.18589925697525,1e+05
"236","Jameer Nelson",299,115,190,25,5,-194,-5,-66,39,-4.12077168242577,4500000
"237","Brandon Jennings",157,46,70,11,2,-90,-11,-22,23,-3.20631304353236,NA
"238","Reggie Jackson",1489,253,492,59,11,-704,-46,-223,79,-6.57840861948936,1.4e+07
"239","Spencer Dinwiddie",58,17,22,3,0,-35,-14,-7,12,-2.73676745313221,845059
"240","Steve Blake",254,89,200,24,5,-147,-4,-81,58,-2.59745654881474,2170465
"241","Shaun Livingston",488,169,237,57,27,-176,-13,-78,78,-3.2739099193087,5543725
"242","Stephen Curry",2375,430,527,169,15,-793,-37,-262,79,-9.1947339755025,11370786
"243","Andrew Goudelock",22,2,4,6,2,-11,-1,-7,8,-1.83074743648273,200600
"244","Patrick Beverley",700,250,239,94,26,-336,-28,-91,71,-4.98235443481068,6500000
"245","Ty Lawson",309,89,180,43,6,-176,-24,-82,53,-3.51338202990732,12404495
"246","George Hill",894,298,259,83,17,-413,-36,-101,74,-5.17112321101759,8e+06
"247","Joseph Young",154,50,65,15,0,-107,-5,-33,41,-1.84414240503595,1e+06
"248","Rodney Stuckey",517,156,142,43,8,-260,-27,-76,58,-3.88230751982053,6500000
"249","Ty Lawson",64,31,57,10,1,-39,-3,-13,13,-3.26306992409521,265058
"250","Chris Paul",1446,310,738,152,13,-599,-34,-194,74,-8.09984950017385,21468696
"251","Pablo Prigioni",145,114,130,53,1,-92,-1,-49,59,-2.19932641562426,981348
"252","D'Angelo Russell",1054,274,266,93,13,-564,-50,-196,80,-5.7545242846022,5103120
"253","Marcelo Huertas",237,90,182,26,7,-133,-2,-80,53,-2.77608134270361,525093
"254","Beno Udrih",47,9,26,3,1,-26,0,-11,8,-2.62108385570712,NA
"255","Briante Weber",29,24,20,9,3,-25,-1,-9,6,-4.9169045453806,30888
"256","Bryce Cotton",4,0,0,0,0,0,0,0,5,-0.0494687801288366,64622
"257","Elliot Williams",8,4,4,0,0,-8,-1,-1,5,-0.906205407076032,55722
"258","Jordan Farmar",110,25,37,15,2,-58,0,-18,12,-3.97246968537548,191456
"259","Mario Chalmers",595,143,211,80,12,-240,-43,-101,55,-5.24865531432239,4300000
"260","Mike Conley",857,164,342,67,16,-402,-38,-84,56,-6.07656128509646,9588426
"261","Ray McCallum",69,16,27,7,3,-51,-2,-13,10,-3.58888439672589,111444
"262","Russ Smith",23,9,11,5,1,-15,-5,-7,15,-1.29147896917976,816482
"263","Beno Udrih",158,63,90,11,0,-86,-2,-42,36,-2.18216934927986,2170465
"264","Briante Weber",2,1,1,0,0,0,0,0,1,-0.536848501789678,12355
"265","Goran Dragic",1018,277,419,71,17,-458,-45,-185,72,-6.25069113306308,14780000
"266","Mario Chalmers",33,14,19,8,1,-22,-1,-9,6,-3.8475613351212,NA
"267","Giannis Antetokounmpo",1350,612,345,94,113,-500,-113,-208,80,-9.59741682498598,1953960
"268","Greivis Vasquez",130,47,91,10,0,-93,-4,-40,23,-3.22082351136961,6600000
"269","Michael Carter-Williams",623,276,281,80,41,-304,-56,-153,54,-7.73399888171843,2399040
"270","Tyler Ennis",206,75,95,25,1,-103,-9,-46,46,-2.30642256298776,1662360
"271","Andre Miller",88,24,58,9,0,-22,-4,-25,26,-1.66908208170319,1499187
"272","Ricky Rubio",766,326,658,162,10,-367,-48,-193,76,-6.95846980431789,12365000
"273","Tyus Jones",156,47,108,31,3,-100,-11,-33,37,-2.72372469417761,1282080
"274","Ish Smith",239,92,154,24,6,-130,-10,-45,27,-4.90980426860216,NA
"275","Jrue Holiday",1089,195,391,88,22,-525,-34,-167,65,-6.78544929949093,10595507
"276","Nate Robinson",0,0,4,1,0,-1,0,0,2,-0.726465295113483,44000
"277","Norris Cole",477,151,167,37,5,-288,-13,-75,45,-4.64832823466616,3036927
"278","Tim Frazier",210,71,120,23,1,-93,-14,-38,16,-6.71017946492032,144157
"279","Toney Douglas",531,143,157,70,5,-262,-15,-64,61,-3.68246462494839,1164858
"280","Jerian Grant",426,143,177,50,10,-237,-27,-87,76,-3.03246422727861,1572360
"281","Jose Calderon",544,229,299,63,7,-246,-6,-87,72,-3.71555342159238,7402812
"282","Langston Galloway",625,288,207,77,22,-357,-28,-61,82,-3.993479862911,845059
"283","Cameron Payne",283,85,108,36,6,-164,-5,-44,57,-2.36359833082729,2021520
"284","D.J. Augustin",142,43,66,13,2,-75,-8,-30,34,-2.09905934411004,NA
"285","Russell Westbrook",1878,626,834,163,20,-788,-108,-342,80,-11.0915054131968,16744218
"286","Brandon Jennings",175,50,100,18,5,-102,-10,-35,25,-3.83156976594876,8344497
"287","C.J. Watson",142,66,88,19,5,-90,-5,-25,33,-2.62766270911471,5e+06
"288","Elfrid Payton",778,261,468,89,20,-412,-78,-177,73,-6.47390022614758,2505720
"289","Keith Appling",6,1,1,1,0,-6,0,-3,5,-0.707956595516758,161776
"290","Shabazz Napier",203,55,97,23,1,-133,-12,-46,55,-1.93782731492884,1294440
"291","Ish Smith",733,213,348,64,18,-440,-44,-130,50,-7.51819778875791,1100602
"292","Kendall Marshall",111,28,73,16,2,-75,-4,-43,30,-2.35744511063706,2144722
"293","Phil Pressey",55,23,46,11,1,-34,-9,-19,14,-3.2429445105405,172739
"294","T.J. McConnell",493,250,367,95,10,-246,-15,-140,81,-4.13830785702725,525093
"295","Tony Wroten",67,21,20,3,0,-43,-17,-29,8,-5.82762759475153,2179354
"296","Archie Goodwin",505,142,118,27,13,-246,-63,-100,57,-4.39797422065848,1160160
"297","Bryce Cotton",4,0,3,3,0,-6,0,-5,3,-1.87911498232933,228663
"298","Eric Bledsoe",632,125,190,63,19,-269,-34,-110,31,-9.09511407207853,13086957
"299","Jordan McRae",37,8,10,3,0,-15,-3,-6,7,-2.14281305505058,61776
"300","Lorenzo Brown",20,7,11,3,1,-17,-1,-9,8,-1.89127856777133,111444
"301","Phil Pressey",22,8,29,7,3,-14,-3,-14,9,-3.01546917447345,111444
"302","Ronnie Price",331,99,147,74,13,-186,-10,-70,62,-3.23992034317064,1499187
"303","Brian Roberts",60,12,16,3,1,-27,-2,-7,21,-1.00616240036061,2854940
"304","Damian Lillard",1879,302,512,65,28,-856,-50,-242,75,-8.27540892366994,4236287
"305","Tim Frazier",51,39,42,10,1,-40,-7,-27,35,-1.43943335556544,845059
"306","Darren Collison",1035,169,318,76,4,-399,-32,-130,74,-4.74324840273335,5013559
"307","Rajon Rondo",859,435,839,141,10,-427,-63,-278,72,-8.78075060042487,9500000
"308","Seth Curry",299,60,67,22,3,-122,-9,-36,44,-2.34351003499498,947276
"309","Andre Miller",56,27,29,7,0,-25,-4,-12,13,-2.41704272096184,396844
"310","Patrick Mills",690,158,226,59,6,-352,-11,-76,81,-3.18220417977771,3578947
"311","Ray McCallum",68,31,33,5,4,-40,-1,-11,31,-1.20810478673397,947276
"312","Tony Parker",857,176,379,54,11,-360,-41,-131,72,-4.84308327712729,13437500
"313","Delon Wright",103,37,31,8,3,-44,-9,-16,27,-1.87473679752228,1509360
"314","Kyle Lowry",1634,365,494,158,34,-686,-93,-225,77,-9.01366541013902,1.2e+07
"315","Erick Green",13,5,2,1,0,-7,0,0,6,-0.680412625851992,99418
"316","Raul Neto",476,120,174,62,2,-238,-18,-109,81,-2.78484964167432,1e+06
"317","Shelvin Mack",355,106,149,26,3,-178,-13,-81,28,-5.84139311062101,2433333
"318","Trey Burke",679,112,148,35,6,-372,-15,-80,64,-3.50929465148095,2658240
"319","John Wall",1531,379,789,145,59,-777,-72,-318,77,-10.3658974412832,15851950
"320","Ramon Sessions",810,203,239,46,5,-312,-69,-115,82,-3.97846430858981,2170465
"321","Kent Bazemore",872,379,171,98,38,-405,-28,-138,75,-5.90058925275363,2e+06
"322","Thabo Sefolosha",480,334,107,85,37,-184,-37,-68,75,-4.23591309149567,4e+06
"323","Coty Clarke",6,1,0,0,0,-2,0,-1,3,-0.470804261403837,61776
"324","Jae Crowder",1038,373,135,126,35,-453,-43,-83,73,-6.2058727110034,6e+06
"325","Bojan Bogdanovic",887,255,99,29,5,-425,-22,-115,79,-3.89702711695128,3425510
"326","Joe Johnson",671,224,232,40,2,-361,-16,-116,57,-5.56772523254636,24894863
"327","Rondae Hollis-Jefferson",167,154,43,39,16,-75,-15,-26,29,-4.61934168589495,1335480
"328","Sergey Karasev",97,58,35,6,2,-44,-2,-22,40,-1.3527573788488,1599840
"329","Doug McDermott",764,195,59,14,6,-353,-12,-53,81,-2.64092632753984,2380440
"330","Mike Dunleavy",222,83,39,14,10,-111,-8,-26,31,-3.16877686501357,4500000
"331","Tony Snell",338,199,63,16,17,-213,-3,-52,64,-2.61518392830536,1535880
"332","Michael Kidd-Gilchrist",89,45,9,3,3,-28,-9,-8,7,-5.54307209879288,6331404
"333","Nicolas Batum",1046,428,403,65,43,-501,-29,-205,70,-8.02325364445863,12235750
"334","P.J. Hairston",286,128,29,24,7,-177,-8,-24,48,-2.55579900378682,NA
"335","Dahntay Jones",13,5,2,1,2,-8,0,0,1,-5.91297097595697,8819
"336","James Jones",178,50,14,11,10,-84,-5,-13,48,-1.36629810699399,1499000
"337","LeBron James",1920,565,514,104,49,-679,-132,-249,76,-11.2857516221361,22971000
"338","Richard Jefferson",410,128,59,33,14,-169,-29,-43,74,-2.42477937060155,1499000
"339","Chandler Parsons",837,285,169,46,21,-331,-43,-95,61,-5.74993666059605,15361500
"340","Jeremy Evans",71,54,2,6,9,-22,-6,-7,30,-1.32960067712599,1100602
"341","Justin Anderson",208,132,29,19,25,-104,-11,-24,55,-2.18158705585591,1449000
"342","Axel Toupane",76,31,15,7,6,-45,-4,-6,21,-1.85416725414997,123552
"343","Danilo Gallinari",1036,281,135,42,19,-413,-57,-77,53,-6.88549993103308,1.4e+07
"344","JaKarr Sampson",134,61,16,12,17,-61,-7,-19,26,-2.8044670481061,285489
"345","Kostas Papanikolaou",67,40,16,13,5,-42,-5,-21,26,-2.00643499458824,350000
"346","Mike Miller",63,53,40,13,4,-40,0,-17,47,-1.1468162196402,1499187
"347","Marcus Morris",1131,404,201,67,23,-535,-68,-140,80,-6.21930937514602,5e+06
"348","Reggie Bullock",122,68,27,10,2,-55,-1,-8,37,-1.40502049675588,1252440
"349","Stanley Johnson",593,306,118,55,12,-375,-22,-114,73,-4.38958620613955,2841960
"350","Andre Iguodala",457,263,219,73,19,-192,-32,-79,65,-4.83909482203828,11710456
"351","Harrison Barnes",774,325,117,41,10,-338,-32,-57,66,-4.53142133914539,3873398
"352","Corey Brewer",590,199,109,84,19,-340,-35,-78,82,-3.78739072641968,8200000
"353","K.J. McDaniels",89,42,10,7,6,-43,-6,-17,37,-1.28944663893665,3333333
"354","Michael Beasley",255,98,16,11,9,-98,-11,-24,20,-4.67889436095962,306527
"355","Sam Dekker",0,1,0,1,0,0,0,0,3,-0.310130059021184,1646400
"356","Trevor Ariza",1025,366,188,160,26,-502,-35,-113,81,-6.16657346762232,8193030
"357","C.J. Miles",753,175,63,53,29,-375,-31,-70,64,-4.46072056850473,4394225
"358","Chase Budinger",216,121,49,29,9,-113,-14,-31,49,-2.59323039945974,5e+06
"359","Glenn Robinson",171,68,26,17,9,-86,-12,-18,45,-1.89443159841243,845000
"360","Paul George",1874,563,329,152,29,-844,-74,-265,81,-9.86387328535677,17120106
"361","Solomon Hill",246,166,57,37,11,-115,-6,-33,59,-2.40375517617182,1358880
"362","Jeff Green",293,91,40,18,21,-153,-25,-24,27,-5.07895840781806,9200000
"363","Lance Stephenson",204,108,60,24,3,-84,-9,-48,43,-2.75186248235807,NA
"364","Paul Pierce",417,186,71,33,17,-253,-12,-58,68,-2.9719510456988,3400000
"365","Wesley Johnson",549,248,49,89,56,-307,-16,-54,80,-3.71136349449453,1100600
"366","Anthony Brown",115,70,19,14,5,-87,-3,-15,29,-2.24078125457143,7e+05
"367","Kobe Bryant",1161,247,184,62,13,-715,-49,-129,66,-6.89949992202875,2.5e+07
"368","Metta World Peace",176,89,27,22,11,-122,-17,-15,35,-2.96694449916989,1499187
"369","James Ennis",16,7,2,4,2,-9,-4,-2,10,-1.35698324534784,845059
"370","Jeff Green",646,241,98,40,19,-317,-31,-69,53,-5.20565342050091,NA
"371","Lance Stephenson",369,115,73,19,6,-162,-15,-46,26,-5.74960673840744,9e+06
"372","Matt Barnes",758,420,163,78,57,-429,-27,-121,76,-5.72147856089972,3542500
"373","P.J. Hairston",124,46,9,8,4,-86,-6,-17,18,-3.12624358218952,1201440
"374","James Ennis",0,0,1,0,0,0,0,0,3,-0.0981035256705382,NA
"375","Joe Johnson",321,68,86,21,2,-121,-8,-43,24,-5.19927526573279,414481
"376","Justise Winslow",502,403,117,68,26,-267,-37,-95,78,-4.38198242688222,2481720
"377","Damien Inglis",36,31,10,6,3,-24,-1,-11,20,-1.42068871582035,855000
"378","Andrew Wiggins",1675,292,164,78,46,-700,-135,-182,81,-7.82140238472917,5758680
"379","Damjan Rudez",75,20,11,3,1,-37,0,-13,33,-0.830972478575925,1149500
"380","Shabazz Muhammad",863,267,52,24,7,-364,-57,-70,82,-3.57428774015912,2056920
"381","Tayshaun Prince",221,147,73,36,13,-127,-6,-27,77,-1.8252092389397,1499187
"382","Alonzo Gee",325,245,72,63,13,-123,-22,-55,73,-2.94773774012727,1375000
"383","Dante Cunningham",484,236,77,42,33,-226,-25,-41,80,-2.95516879589265,3e+06
"384","James Ennis",143,35,18,12,3,-50,-5,-17,9,-5.96946710496898,74564
"385","Jordan Hamilton",125,62,25,8,3,-67,-7,-17,11,-5.60117247415947,119462
"386","Luke Babbitt",327,148,53,11,7,-167,-11,-23,47,-2.72038053052378,1100000
"387","Carmelo Anthony",1573,556,299,62,38,-740,-69,-176,72,-8.9525703246999,22875000
"388","Cleanthony Early",31,26,6,2,3,-28,-1,-9,17,-1.32751013461414,845059
"389","Derrick Williams",746,296,75,29,9,-311,-62,-61,80,-3.6899623118002,4900000
"390","Thanasis Antetokounmpo",6,1,0,0,0,-1,0,0,2,-0.376675848874603,105888
"391","Kevin Durant",2029,589,361,69,85,-683,-51,-250,72,-10.4530837945451,20158622
"392","Kyle Singler",231,141,24,30,9,-135,-15,-32,68,-1.91574124749,5e+06
"393","Evan Fournier",1213,225,213,96,2,-500,-39,-133,79,-5.5640949632286,2288205
"394","Mario Hezonja",478,176,109,39,17,-237,-5,-97,79,-2.91842039793496,3741480
"395","JaKarr Sampson",240,129,30,11,16,-116,-35,-51,47,-3.12666778813081,845059
"396","Jerami Grant",749,361,135,54,127,-348,-110,-110,77,-6.60084440529987,845059
"397","Robert Covington",858,419,97,105,40,-438,-37,-143,67,-6.72306645821017,1e+06
"398","Sonny Weems",17,12,2,0,0,-14,-1,-4,7,-1.31971170936344,2800000
"399","Chase Budinger",55,29,15,3,1,-22,-3,-13,17,-1.7422635587476,258082
"400","P.J. Tucker",652,512,177,106,20,-343,-36,-111,82,-5.28553653906023,5500000
"401","T.J. Warren",515,147,44,37,16,-220,-19,-32,47,-3.89652411207578,2041080
"402","Al-Farouq Aminu",839,499,138,72,53,-420,-41,-120,82,-5.52059067229721,7500000
"403","Maurice Harkless",498,280,67,49,35,-216,-42,-62,78,-3.52386415034287,2894059
"404","Caron Butler",63,22,10,9,1,-34,-2,-3,17,-1.61274403007595,1499187
"405","Duje Dukan",6,4,1,1,0,-8,0,0,1,-3.443796654276,525093
"406","Omri Casspi",813,410,95,56,17,-323,-56,-94,69,-5.32524684661729,3e+06
"407","Rudy Gay",1204,456,120,100,51,-541,-56,-139,70,-7.47864511659601,12403101
"408","Kawhi Leonard",1523,493,186,128,71,-539,-42,-105,72,-8.00720073692862,16500000
"409","Kyle Anderson",350,244,123,60,29,-157,-21,-59,78,-3.17647019607007,1142879
"410","Rasual Butler",124,56,24,13,23,-55,-5,-8,46,-1.53231054875691,1499187
"411","Bruno Caboclo",3,2,1,2,1,-11,0,-4,6,-1.13356487025963,1524000
"412","DeMarre Carroll",286,122,27,44,6,-165,-20,-28,26,-5.61423445369026,13500000
"413","Terrence Ross",720,185,56,54,25,-356,-13,-46,73,-3.41453955690225,3553917
"414","Chris Johnson",205,132,45,32,20,-122,-8,-40,70,-1.97492120678545,981348
"415","Gordon Hayward",1578,397,296,95,27,-681,-84,-202,80,-8.06835949081885,15409570
"416","J.J. O'Brien",0,1,0,1,0,-1,0,0,2,-0.540752049852266,105888
"417","Joe Ingles",342,151,96,55,4,-167,-5,-65,81,-2.31607756198377,2250000
"418","Garrett Temple",582,212,140,69,18,-304,-34,-64,80,-3.70854604061811,1100602
"419","Jarell Eddie",63,23,5,5,1,-45,0,-1,26,-0.847615333310215,561716
"420","Kelly Oubre",236,133,13,22,7,-121,-18,-34,63,-1.90624520332964,1920240
"421","Otto Porter",871,391,120,105,32,-378,-31,-70,75,-5.26185319159118,4662960
"422","Justin Holiday",63,27,11,13,4,-49,-5,-13,26,1.95201614923451,NA
"423","Kyle Korver",739,260,164,60,35,-348,-9,-98,80,4.72244847886422,5746479
"424","Lamar Patterson",84,50,39,9,2,-52,-6,-23,35,1.94102365694895,525093
"425","Tim Hardaway",326,86,51,21,7,-151,-6,-23,51,2.54356790850984,1304520
"426","Avery Bradley",1155,220,158,117,19,-563,-27,-109,76,6.35356545893726,7730337
"427","Evan Turner",854,397,359,80,28,-410,-31,-169,81,6.91607423067268,3425510
"428","James Young",29,26,9,6,1,-25,-3,-5,29,0.971670283112628,1749840
"429","R.J. Hunter",97,37,13,14,4,-62,-1,-11,36,1.49926118553891,1148640
"430","Markel Brown",363,122,91,38,15,-195,-23,-54,62,3.53373834034456,845059
"431","Sean Kilpatrick",318,50,26,10,2,-134,-6,-27,23,4.18921143384105,320594
"432","Wayne Ellington",586,174,83,48,5,-343,-9,-45,76,3.26331697949872,1500000
"433","E'Twaun Moore",443,133,99,37,18,-202,-13,-53,59,3.76147696854329,1015421
"434","Jimmy Butler",1399,358,321,110,43,-565,-80,-132,67,10.1075179692313,15260000
"435","Justin Holiday",176,63,45,19,15,-91,-5,-26,27,4.040867467499,947300
"436","Aaron Harrison",18,15,2,6,0,-14,-7,-4,21,1.11149473155138,525093
"437","Courtney Lee",250,87,60,33,12,-122,-3,-23,28,4.81755373156792,5675000
"438","Jeremy Lamb",580,252,77,42,30,-280,-24,-50,66,4.55809999965163,3034356
"439","Jeremy Lin",914,253,235,58,42,-428,-54,-150,78,6.45425308827992,2100000
"440","Troy Daniels",242,57,21,11,3,-98,-4,-24,43,1.95919582392299,947276
"441","Iman Shumpert",311,203,92,54,19,-191,-11,-57,54,4.53703590660329,9e+06
"442","J.R. Smith",955,217,130,81,21,-497,-26,-59,77,5.12909507294064,5e+06
"443","Jared Cunningham",104,29,19,12,2,-59,-18,-18,40,1.80017669712671,NA
"444","Joe Harris",3,3,2,0,0,-3,0,-1,5,0.527905873691519,NA
"445","John Jenkins",69,22,9,3,0,-41,-1,-11,21,1.40845832391448,NA
"446","Wesley Matthews",977,238,151,78,17,-523,-20,-78,78,5.2418016325291,16400000
"447","Gary Harris",932,220,147,97,18,-406,-24,-98,76,5.42973219659245,1587480
"448","Randy Foye",323,105,112,26,16,-216,-8,-58,54,3.64649777718398,NA
"449","Sean Kilpatrick",27,6,3,2,0,-13,-1,-4,8,1.42352720647057,99418
"450","Will Barton",1178,476,203,71,39,-558,-52,-139,82,7.30000195823743,3333333
"451","Darrun Hilliard",152,45,27,9,1,-79,-11,-19,38,1.96030685456544,525093
"452","Jodie Meeks",22,5,3,0,0,-13,0,-1,3,2.13203085798257,6270000
"453","Kentavious Caldwell-Pope",1105,282,138,110,17,-557,-43,-105,76,6.56480180487759,2891760
"454","Brandon Rush",305,181,57,20,23,-149,-10,-33,72,2.55720159111357,1270964
"455","Ian Clark",236,68,64,17,13,-113,-6,-43,66,1.96264717423766,947276
"456","Klay Thompson",1771,306,166,60,49,-735,-28,-138,80,7.27123472690491,15500000
"457","Leandro Barbosa",433,117,82,44,10,-199,-10,-53,68,3.01527649092151,2500000
"458","James Harden",2376,501,612,139,51,-907,-117,-374,82,13.6780110991165,15756438
"459","Jason Terry",422,79,103,47,9,-225,-6,-49,72,2.74826961652341,1499187
"460","Marcus Thornton",472,115,66,34,3,-261,-7,-40,47,3.96478126638285,1186000
"461","Monta Ellis",1121,271,383,150,37,-585,-44,-203,81,8.35316357908713,10300000
"462","Austin Rivers",593,130,99,48,9,-290,-37,-61,67,4.11220462348686,3100000
"463","C.J. Wilcox",70,12,10,10,2,-40,-3,-2,23,1.4090828068613,1159680
"464","J.J. Redick",1226,139,106,42,5,-458,-23,-78,75,4.45329330433271,6867000
"465","Jamal Crawford",1120,145,183,52,12,-560,-26,-113,79,5.11004460134846,5675000
"466","Jordan Clarkson",1225,313,192,88,7,-623,-40,-135,79,6.63960583953844,845059
"467","Lou Williams",1028,169,167,62,19,-410,-72,-107,67,6.57367474884753,7e+06
"468","Nick Young",392,97,34,23,7,-246,-13,-30,54,2.98254680808645,5219169
"469","Courtney Lee",511,118,76,52,16,-227,-16,-49,51,4.53722254790636,NA
"470","Jordan Adams",7,2,3,3,0,-4,-2,-2,2,4.15760200601833,1404600
"471","Tony Allen",535,296,70,110,18,-254,-48,-78,64,6.08806983862965,5168539
"472","Vince Carter",395,146,56,38,16,-210,-14,-35,60,3.37054171365389,4088091
"473","Xavier Munford",80,31,22,13,3,-45,-7,-15,14,4.1183239629883,89588
"474","Dwyane Wade",1409,302,344,79,42,-643,-84,-203,74,9.38784675559549,2e+07
"475","Gerald Green",616,163,56,38,19,-357,-20,-46,69,3.79017277536308,1356000
"476","Josh Richardson",341,107,73,36,25,-149,-21,-35,52,3.80977985568934,525093
"477","Tyler Johnson",314,109,79,24,14,-125,-13,-47,36,4.7177513923647,845059
"478","Jared Cunningham",16,9,1,2,0,-10,-1,-3,4,2.49183798010081,57726
"479","Jerryd Bayless",541,141,163,47,11,-252,-20,-73,52,5.29732864526262,3e+06
"480","Khris Middleton",1434,302,331,131,19,-635,-35,-180,79,8.13861317360121,1.5e+07
"481","O.J. Mayo",321,105,118,48,8,-202,-9,-72,41,5.2239990359272,8e+06
"482","Rashad Vaughn",217,88,39,29,16,-185,-3,-28,70,2.01234034344319,1733040
"483","Kevin Martin",415,81,46,17,1,-208,-17,-41,39,3.94200771008498,7085000
"484","Zach LaVine",1150,228,251,69,17,-526,-42,-155,82,6.13451819843183,2148360
"485","Bryce Dejean-Jones",79,48,15,10,2,-41,-10,-11,14,4.11918791723323,281659
"486","Eric Gordon",686,99,121,43,14,-321,-14,-73,45,5.90487089852498,15514031
"487","Jimmer Fredette",2,0,1,1,0,-3,0,-1,4,0.562194642598371,54812
"488","Orlando Johnson",10,6,2,1,0,-13,-1,-3,5,1.71810750473542,55722
"489","Tyreke Evans",379,129,164,32,8,-178,-19,-73,25,9.29447995522155,11227000
"490","Arron Afflalo",909,266,144,25,10,-445,-21,-82,71,4.91906822098947,8e+06
"491","Jimmer Fredette",7,0,0,0,0,0,-1,-1,2,1.05847275949096,59731
"492","Sasha Vujacic",296,149,84,34,5,-171,-7,-44,61,2.93832126922364,1356146
"493","Andre Roberson",337,251,47,53,42,-138,-21,-35,70,3.77592488694735,1210800
"494","Anthony Morrow",380,62,24,22,5,-197,-10,-17,68,1.85575043877469,3344000
"495","Dion Waiters",762,202,154,81,15,-424,-45,-120,78,5.36851980409125,5138430
"496","Randy Foye",151,51,49,13,13,-97,-5,-28,27,3.69388514813034,3270000
"497","Devyn Marble",60,38,12,13,1,-50,-14,-7,28,2.06446216576731,845059
"498","Victor Oladipo",1153,345,282,116,54,-545,-42,-153,72,8.72761841653212,5192520
"499","Hollis Thompson",758,272,99,36,24,-410,-27,-76,77,4.55775067336993,947276
"500","Isaiah Canaan",846,174,137,56,12,-462,-30,-91,77,4.69497633809731,947276
"501","Nik Stauskas",617,183,138,44,20,-335,-27,-94,73,4.45994521212062,2869440
"502","Brandon Knight",1018,202,263,61,20,-524,-27,-177,52,9.24474595978018,1.2e+07
"503","Devin Booker",1048,187,200,44,20,-500,-41,-160,76,5.91716845439961,2127840
"504","John Jenkins",109,35,26,5,1,-48,-3,-16,22,2.25271554608175,981000
"505","Orlando Johnson",16,9,0,2,3,-12,-1,-1,2,6.14040338000256,55722
"506","Sonny Weems",90,41,47,10,1,-54,-6,-37,36,2.0907566327703,NA
"507","Allen Crabbe",832,216,99,63,16,-367,-15,-64,81,4.03408473771154,947276
"508","C.J. McCollum",1666,259,341,97,23,-790,-39,-196,80,8.28021297387144,2525160
"509","Gerald Henderson",624,211,75,39,19,-297,-34,-68,72,4.16426028245571,6e+06
"510","Luis Montero",14,4,1,0,0,-14,-1,-4,12,0.653820627783534,525093
"511","Pat Connaughton",36,32,10,2,0,-36,0,-10,34,0.802002784512286,525093
"512","Ben McLemore",531,148,79,52,10,-260,-29,-99,68,4.14232147136405,3156600
"513","James Anderson",179,86,41,21,14,-111,-7,-42,51,2.53572176977376,1015421
"514","Marco Belinelli",696,117,127,37,2,-390,-23,-80,68,4.11405564559587,6333333
"515","Danny Green",572,303,141,79,64,-350,-12,-75,79,5.21864004015663,1e+07
"516","Jonathon Simmons",331,96,58,24,5,-120,-23,-53,55,2.99885229718432,525093
"517","Kevin Martin",99,29,12,9,2,-55,-2,-13,16,2.88341431038798,317475
"518","Manu Ginobili",555,146,177,66,11,-238,-21,-99,58,5.3467210526515,2814000
"519","Cory Joseph",677,210,250,63,20,-328,-41,-102,80,5.0380507681604,7e+06
"520","DeMar DeRozan",1830,349,315,81,21,-763,-98,-175,78,9.33212997540091,9500000
"521","Norman Powell",273,111,47,29,10,-132,-10,-32,49,3.03055507162087,650000
"522","Alec Burks",412,109,63,18,4,-197,-35,-51,31,6.26317644424569,9213484
"523","Elijah Millsap",36,35,19,7,3,-28,-5,-9,20,2.09531785571852,362878
"524","Rodney Hood",1149,267,213,73,16,-564,-28,-125,79,6.08826094601638,1348440
"525","Alan Anderson",65,27,14,4,1,-38,-4,-2,13,2.48140282497047,4e+06
"526","Bradley Beal",958,188,162,54,11,-440,-41,-112,55,7.22086647266823,5694674
"527","Gary Neal",390,83,47,20,1,-174,-8,-29,40,3.34194422593058,2100000
"528","Marcus Thornton",118,35,19,13,1,-65,-5,-11,14,4.09006694444373,251107
